output_0,output_1,output_2,output_3,output_4
1.9681664,2.2934425,3.6689982,2.1048927,4.242739
5.933673,4.8989105,3.5375588,6.2644105,4.9728975
3.3990047,3.4253938,3.4923444,3.598585,3.5274906
7.335026,7.383545,7.603731,7.465112,7.4109607
7.266575,7.1323686,7.2647924,6.8420944,7.807313
6.7524643,3.7274296,2.8703694,6.606552,2.9845195
5.980327,5.864021,5.8699265,2.2601306,2.1470506
10.677452,10.797714,10.671982,10.642262,10.822459
5.6286607,5.3478265,5.6397214,5.503462,5.5224776
6.1693954,6.754225,6.712475,8.817294,6.9364753
3.2233403,3.0970347,6.552807,3.1097476,2.7509768
7.592779,5.1831245,7.5180945,7.552307,4.893328
6.243765,5.9305463,6.257183,6.0725193,5.750069
5.954725,7.105659,7.163278,6.7859063,6.034264
8.908687,8.799787,9.030099,8.790151,8.791362
7.805984,7.7690516,7.3623996,8.136696,8.080685
7.3655643,7.513341,7.11861,6.08772,6.922842
7.990818,7.6334915,7.547467,7.9571953,7.5889115
5.1985407,5.022609,5.0534835,5.0639343,5.092627
6.022775,3.390239,3.1017623,3.1949005,3.0070724
2.8718662,3.1248183,2.4263947,2.9940147,6.7664213
5.2448545,5.5451126,4.85727,5.579005,5.3791184
4.3245096,4.3845778,4.7530727,4.14493,3.57396
8.069876,6.6349554,8.102977,5.8882294,5.3502426
6.2593727,6.357425,6.3882346,6.311207,6.461429
5.3645897,4.916013,4.736933,5.2183285,5.0118275
8.389926,8.191638,6.537889,9.024764,6.9144816
2.958727,2.0440683,2.6062932,2.6532545,2.798947
3.5312114,3.1399498,5.754025,6.0661097,5.9346952
6.3972373,6.618786,6.655369,6.407942,6.77264
5.7503653,5.639896,5.3328586,5.600814,5.967889
3.8708985,3.888902,3.6308258,3.4054627,3.7621808
2.8519323,2.6215005,2.4484668,4.865335,3.5323327
6.764173,5.3667154,4.115078,6.7818313,7.1667585
4.6928425,2.499702,4.265645,3.1986797,2.6280873
5.55971,4.179737,5.042124,4.4150076,4.965361
6.77991,7.2788796,7.2453585,7.884912,7.337517
6.411814,6.300634,6.4854455,6.056231,6.017999
3.572103,3.7261894,3.867324,3.2626197,3.9536338
4.3159685,4.111653,3.9511364,3.9263346,3.986803
6.469551,6.5268564,6.777507,6.6116433,6.475099
6.6982126,6.7486663,6.7586317,6.7606874,3.5308316
5.3977995,2.6207626,4.9799805,4.902633,5.5764556
4.778544,6.356118,6.797653,4.715358,6.285665
3.737889,4.321629,4.191498,4.2006826,4.229664
3.9409378,3.7059042,3.7050736,3.840291,3.71741
6.850043,6.7416787,6.5945377,6.0018554,5.2173905
3.150174,3.2423813,6.012217,3.257117,3.1868358
5.4572897,4.469136,4.898522,4.7901545,7.612277
6.477324,6.0259175,7.4297686,5.8837185,7.7040863
6.5985427,6.7750134,6.831118,6.054891,6.9128704
4.2895722,4.1666846,4.5769787,7.7646995,4.130072
4.2264886,4.8208365,4.6373115,4.3629317,4.6605053
3.3143666,3.5095508,4.3224187,4.4867525,2.7962022
6.575704,7.067501,5.6719055,7.126918,8.242821
5.324221,5.1967306,5.2268496,5.1084175,5.171711
8.526104,7.5465584,8.295801,8.468282,8.275157
6.635367,6.234007,5.4269133,4.8034325,3.7613442
5.3388886,5.9961405,5.9494605,5.669934,4.636626
5.837791,5.919801,5.925642,5.0888505,5.9807515
5.360306,5.048221,4.9264903,5.351494,5.140354
3.6003106,3.394711,2.342597,3.3273346,3.2514653
3.2710497,3.3834522,7.1361213,6.968952,4.702826
8.91061,8.961086,8.815845,7.644969,8.285662
4.5812345,6.0809007,4.3512945,5.8759484,5.740896
5.185469,5.249812,5.055584,4.5183167,3.6302862
4.6494966,5.2760053,4.9603815,4.098241,4.565997
5.3483562,5.132016,5.7887383,5.4691725,5.4336104
5.4123,6.4215016,6.4869714,5.9938226,6.545317
6.3997726,6.1664305,5.272728,4.9108024,4.3590364
7.917979,8.010539,7.9640102,7.724473,8.2152195
1.2587316,1.6233348,1.927579,2.015441,2.2261808
9.1137085,8.905838,9.0105715,8.964776,8.198658
7.4080706,7.2631617,4.314433,8.076376,7.460904
6.6420026,5.370984,5.106098,3.5685284,4.281826
5.5204253,5.2165766,5.2874613,5.373126,5.150256
3.0980897,2.738609,5.6141877,2.9840794,3.1008582
6.1566753,6.2284136,6.6753893,6.260025,6.1784163
5.116513,5.493514,5.515381,3.297594,6.2775335
5.717438,5.4895263,5.901535,5.4294066,5.750446
6.579783,5.975447,5.9484577,6.3720984,6.133933
6.939045,6.8395143,6.615599,6.52838,6.934764
6.373259,6.7912974,6.6953087,6.690347,6.904466
1.4518164,4.299296,1.9377108,1.5172755,4.1994824
5.468622,3.9104972,3.8112235,3.807301,8.33838
4.89381,4.6499295,5.2622323,5.2425756,4.892241
3.3586318,4.393551,4.2355113,3.8420622,4.5021844
2.8762746,5.1206393,2.3873448,3.6005738,3.5578327
1.642244,1.7603146,1.4452237,2.3959212,1.8538774
4.779737,4.7474575,4.6205707,4.7119613,4.7058043
4.307659,4.2138586,4.3623986,4.007482,4.1920013
3.6697888,6.6279993,6.382802,6.6110487,6.928874
3.1772854,2.2572613,4.774858,2.7852125,2.357375
6.7946687,6.837896,6.8293014,6.0125356,6.2478776
4.949409,4.2714877,4.3764896,7.4013047,7.66206
5.9535246,6.0120244,5.8597074,6.248988,5.301613
3.3198674,2.559836,2.488853,2.602811,2.6146894
5.906503,6.425037,6.2423234,6.463871,6.0825253
7.3136683,3.6303656,7.305705,7.1554775,6.8658404
8.530722,8.850558,5.101033,8.568196,8.441628
8.446255,8.459505,8.472574,8.593253,8.818591
4.930218,4.924544,5.0946,5.017736,4.77379
5.8622274,2.1617923,3.7696831,3.9736805,5.2004166
3.2854884,2.927222,4.172154,2.9916499,4.1498084
2.6520529,2.1563752,2.7485924,2.4101577,2.011768
2.186016,3.8616745,2.5888925,4.3367596,3.9665027
2.8855374,3.3509758,3.20842,3.2595115,2.5357773
3.4650483,2.100267,2.372256,3.6293273,2.1455784
5.987007,2.4923532,2.6486912,6.2162824,2.6085925
4.514856,5.798297,5.3848,5.0775414,5.9020467
4.9465804,4.992463,5.400948,5.79773,4.345188
7.02647,6.7056847,6.2078624,6.2557755,3.8678348
4.561808,4.506839,3.0017116,2.8235462,4.5555906
2.6735353,2.6126747,2.5973794,2.5883064,2.7437313
4.181196,4.073577,4.094117,4.1671157,4.0364666
4.9340196,3.8752813,5.089672,3.812565,4.9250546
5.6613064,6.808622,6.0113034,5.566618,5.8579745
6.8300657,6.6671925,3.4321837,7.048246,7.035111
4.121332,4.149584,3.195205,4.48574,4.1541185
3.9262633,4.9924107,4.8198085,4.753939,4.8059506
3.0792446,3.3029883,4.9916472,3.1852825,2.98826
7.0578313,7.2845325,7.31459,7.2637386,7.324951
5.270606,4.745374,4.775441,9.286827,4.819547
5.6633625,5.530679,5.6006355,5.283405,5.8096566
7.389616,6.5110526,8.999666,9.00841,9.290223
4.1208043,3.8640532,6.597833,6.620326,3.4006734
1.1141429,1.1716094,1.16362,1.4962031,1.1518848
7.453086,7.2341013,7.499112,7.608485,7.2994847
8.077904,7.316684,7.656293,7.8139153,7.2139044
1.7391701,1.7808982,1.569998,1.0448623,1.1365489
6.1585946,3.8595662,4.543642,4.096728,6.049819
6.301891,7.7912292,5.206392,6.374344,6.1892686
4.8524323,6.6490793,4.5221367,4.1927476,5.167629
3.1646483,2.9679222,3.7695096,3.347304,3.0684903
7.458897,7.565794,8.290007,7.4029036,7.942388
5.128431,5.713687,5.139155,5.2539907,5.723916
5.4433265,5.475486,5.502513,5.286447,5.4136314
4.79002,5.1824603,5.067277,4.933605,4.930257
5.110861,5.1090236,5.207233,5.1067233,5.0547338
5.6342564,5.3253694,5.4467525,5.4098573,5.5051703
3.4235566,3.6955886,2.4278862,3.5153325,4.939522
5.2406964,5.299745,5.4944744,4.3472633,3.77552
5.5740566,5.4715776,5.3714066,4.9929686,5.690196
6.818078,8.121594,7.5801363,8.437881,8.451576
4.583019,7.137863,6.744345,4.128458,4.900325
3.418373,3.39228,3.4216282,3.5438588,3.2210877
6.796564,4.597574,6.9517426,4.302417,4.579067
4.9302917,2.8908107,3.40658,3.601405,7.3047814
9.413909,5.4450374,9.678239,9.603635,9.457157
2.7679434,2.6663923,6.861291,1.8616219,1.2632269
6.6621437,6.590341,6.623347,6.763597,5.2939696
2.1137383,1.5889312,1.9704155,1.6099645,5.4923196
4.1477723,4.2230067,4.175709,4.2641897,4.137532
3.9843574,6.520986,4.686138,4.0055795,4.18453
5.269038,4.7681966,4.8894887,4.9969945,4.9387913
9.3508005,5.4081287,9.426046,4.8523617,9.681092
6.9430466,6.631003,7.130929,6.750619,7.441766
4.149354,5.128034,4.619794,4.434068,4.0314727
4.525225,4.2157216,2.231769,4.663227,4.1991596
6.77171,6.6743917,6.869667,6.8750076,6.674029
6.005635,5.4353986,5.103413,5.2481346,5.4711237
5.150515,7.5615396,6.200444,5.758615,5.240956
6.0290046,6.135224,5.298041,7.787529,5.8312774
10.448551,10.076039,10.729527,10.545109,10.663556
7.2410107,6.690113,7.0052853,6.952141,6.8134747
5.47311,5.7517776,4.3797693,5.6841793,5.738735
3.956803,2.406082,3.8959835,1.9963093,2.1744132
2.10945,2.2967699,2.1374056,2.077653,1.4875194
7.540404,5.1260242,5.4108853,7.376882,5.2089505
3.9995935,3.9431343,3.913431,3.8630764,3.9554482
4.6835833,4.5272346,4.916793,4.668571,4.7580147
4.5446143,2.7800865,4.8255997,2.2649653,4.500693
4.386355,4.3166633,4.4769096,4.432502,4.08963
2.2089715,1.853266,1.9966161,1.7354728,2.0592856
5.457148,5.4165864,5.0968156,5.5387883,5.805355
6.855678,7.918034,6.929948,3.7403402,7.072007
7.406528,6.9299126,5.963016,4.0423007,6.8848214
5.26812,1.0534554,2.174297,4.731107,4.2759743
4.159207,8.173124,3.5870063,7.324691,7.750499
6.13032,5.822704,6.174121,5.533139,6.1189003
7.4490705,7.445764,7.813254,7.7212143,7.8278832
3.4353595,3.168829,2.3322573,3.355668,3.1804528
6.992705,6.926956,6.9649363,7.046851,6.8357286
1.402589,1.5725633,1.5358944,2.2676215,1.2944909
6.660317,7.1121025,7.0579896,7.1024795,6.9623694
2.2290804,2.2251065,2.2528713,2.1995943,2.1608052
4.4493284,4.179389,5.4544945,5.475549,5.6895685
7.9250765,3.6023903,6.7209697,6.6394596,3.4048367
7.909426,8.140473,5.296223,6.8296065,4.6797304
3.264475,3.3442848,3.334989,3.3115816,3.528722
6.71512,6.6405354,7.604552,6.190321,6.256683
8.705401,6.9178433,8.132365,9.11806,8.52835
2.209433,2.0987015,2.2352521,1.6516172,2.2700212
5.9298124,7.1188374,6.797229,6.3523207,6.458412
6.6808295,6.8631196,6.798023,6.9151735,7.069092
9.820425,9.42047,9.708655,9.471331,9.727964
4.5552454,3.9776475,4.0669975,3.6185584,3.7253895
7.575858,8.255808,7.596184,7.906474,7.821968
10.7313,10.678881,11.035622,11.291217,9.2707205
8.076973,11.787852,8.093551,9.020753,11.966129
7.215588,6.041201,7.3024483,7.139515,7.0925064
6.9930053,5.5662866,4.438658,7.044417,7.313532
3.6097345,4.4429226,5.316247,4.640654,3.2416084
1.7341621,1.8735244,2.045069,2.0071824,1.7714268
5.7702837,5.592734,6.422419,5.684886,5.794376
5.105748,5.5289307,5.1289725,5.1492014,5.471899
7.8014503,8.092595,7.993025,7.6197224,8.085975
6.984829,6.8161097,3.6647837,6.9482036,3.5550513
3.5140903,2.2709606,4.5269294,2.0214167,4.602287
3.6696193,5.1965084,5.273478,5.1595087,5.1625843
3.576622,3.0601692,2.4940276,8.0771675,3.5471222
3.8657937,2.7945354,6.1903076,6.2583776,2.1648884
3.7986703,3.6803994,4.731655,6.7547274,3.793888
5.017366,5.049302,5.11628,5.0270805,4.976689
5.492576,5.8179646,5.5414567,6.2397814,5.155101
2.8902194,2.970686,2.844785,2.7277267,2.671789
4.490791,4.2970977,4.4344845,4.467294,4.699817
3.2523642,3.616224,3.4422903,3.7704952,3.6771867
6.7566833,4.130871,6.624483,3.946824,6.67544
6.8947177,6.741532,6.8226814,6.4561515,6.731814
6.5285783,6.4064803,6.7349505,6.9161515,6.5523915
1.8525465,1.9644331,2.921478,1.7595861,2.647517
5.3377304,5.5705914,7.4147415,3.9610028,4.1250663
6.9983773,6.5498238,6.9570265,6.382631,6.8585405
6.491491,4.8272696,7.564175,6.6391373,6.2034607
2.505433,4.714958,2.3077877,2.3978696,2.5400696
3.6659596,4.6649404,4.3905034,4.6692843,4.2572894
5.824243,3.4931662,3.4065526,5.8010807,3.7476797
7.557894,7.380501,7.693761,7.5185814,7.5524645
6.552118,9.1009655,6.367639,7.0122447,7.128174
4.9501424,3.9404821,5.270363,2.970395,3.8942566
6.0841136,3.052317,6.1922493,6.335331,4.81268
4.0839133,3.8525674,4.0942445,3.703376,3.6342762
2.7325175,2.0331566,2.2261944,3.278417,2.4739804
5.151882,5.325247,5.030419,5.5443783,4.8832927
2.9968734,2.8792663,2.1560051,7.167878,2.6593347
1.1745948,1.4728297,5.674454,2.4011917,1.7723713
8.997813,9.44322,8.960999,9.669742,9.269088
4.2340546,3.8953366,4.90026,4.2548203,4.139452
3.04196,1.6409961,1.5856428,3.3296397,1.512991
4.1660757,3.8442903,4.1887827,4.2628508,8.194671
8.571791,8.051905,8.510366,7.8241706,7.896138
1.9783252,2.0459335,1.9832578,1.9943045,3.541385
4.549311,1.7535834,1.8897239,2.6831007,2.3901885
4.6846538,5.126637,7.8622155,5.117179,6.3173137
4.4708223,4.447344,4.4620733,2.9970708,2.3132997
5.7953324,6.2872124,5.950261,6.0951777,5.72663
4.4625597,4.840385,4.7027054,4.837686,5.450248
3.4712572,3.429445,3.380236,3.478201,2.6186042
5.273227,5.424461,5.2136087,5.037405,5.318497
2.8129659,4.224128,3.7492368,4.0555544,3.1595337
4.622935,7.003941,6.9131556,6.9391446,6.922454
5.5842032,3.7760866,5.2783475,5.003101,5.2240067
2.0055628,6.7494464,2.584796,1.9835609,2.1992521
5.0105433,7.159808,4.6330266,4.261304,4.4589796
6.180198,5.3609824,5.6091485,3.1374063,5.130014
5.7692327,5.654514,5.4391913,5.405158,5.1274996
6.247616,5.583767,5.0457845,5.7993774,5.2482653
2.9050086,2.7512288,3.1213498,2.476761,2.497215
7.3508844,7.5299706,7.8438845,7.6917677,7.691865
6.2218113,2.1005144,2.1169982,2.6916108,2.5672476
7.6639895,6.422909,7.352375,7.276247,7.0932884
2.9875126,3.6899366,7.2294903,3.640775,3.0561538
4.800314,6.8153358,3.0883954,3.2440631,3.301031
5.853879,5.7823267,3.6189346,5.805512,6.073992
2.278868,3.0477703,3.161412,3.2016563,3.00459
4.480245,4.271319,4.6030984,4.5603256,4.630828
7.7921968,6.610853,9.417577,9.971654,6.9918704
7.4487677,7.319271,7.1976776,5.85386,7.4456406
6.867058,8.0774975,6.7510934,8.186346,8.396694
5.0532203,4.542708,4.7525086,4.9236784,4.497733
9.114247,9.108213,9.562821,9.502686,9.248433
7.537296,7.3153954,3.4846108,5.7042317,7.341252
5.6754546,5.1819735,5.696324,5.5619726,5.701726
3.8678255,4.218493,4.1233983,4.4185076,3.7742226
4.429433,9.10411,3.9949768,4.9260254,4.4829884
2.7441642,1.6094018,2.781111,4.226955,3.7041495
6.0638657,8.039521,7.43297,7.2462,7.573876
7.053906,6.968774,6.7665925,7.2516327,6.7381134
2.253402,2.2338922,2.4159184,2.3457525,2.4474075
4.239374,6.9760046,3.7335248,3.5106323,4.4577265
8.23689,7.8830457,8.241992,8.758163,8.343617
4.698544,4.220244,3.7678115,4.4615955,3.8505414
3.1919034,2.7918115,3.1662629,3.2637067,3.3293424
8.127313,7.891645,7.441364,7.8255944,7.31088
3.2899337,3.7009583,4.4763565,3.0798285,4.0751386
5.1772223,4.772967,4.9679456,4.5000067,3.8698719
6.0369267,2.9320183,2.6973782,5.9415064,3.093092
6.8965254,7.049405,6.9462194,6.3537316,7.2773747
3.1823127,2.8293533,2.9937122,6.421341,3.0334854
4.0882874,3.6426458,4.5953217,3.9530602,4.107255
6.257762,4.577407,5.109609,6.223807,6.300119
4.0165124,6.636735,3.5859113,6.5061126,3.9775062
7.2861266,6.8989964,6.8913455,7.489229,6.234962
7.1305213,6.70093,7.335218,6.5871277,6.6417966
7.3797574,7.2652326,7.5933642,7.355224,7.3231635
6.794729,6.7507324,6.496277,4.7001624,6.415112
2.5134027,1.4329064,2.469385,1.256389,1.2398301
7.4097652,7.462377,3.5755835,7.537575,5.1184998
2.068127,4.1368513,4.186463,3.045752,4.126158
3.2103221,6.6482224,6.8638744,3.288992,6.6828613
9.516537,8.363471,8.908683,9.035384,8.668031
5.0344405,4.5703807,4.2696905,4.5314155,4.4481354
5.1613464,6.434346,6.9458284,6.9317627,6.8266726
8.2506695,8.339191,4.7714415,8.874041,8.356934
8.830342,5.6503234,4.455849,5.9466157,5.603061
4.227639,4.116468,3.917179,4.081515,4.1485868
7.811077,6.0793023,7.5658565,7.376335,7.496561
6.4580255,6.6054068,6.643607,5.962224,6.6486316
1.8620344,3.806869,1.8373545,4.210981,4.251302
6.921707,6.9072223,7.066753,2.233187,7.0353928
2.299818,5.789242,2.489563,5.372036,2.3713589
5.9584293,6.252116,5.7913384,5.77154,6.7411184
4.0663905,3.7746396,3.8569274,3.8948746,3.8334782
6.0550904,5.5635376,6.288589,4.660786,6.168838
7.570108,2.99044,7.419387,7.5906878,7.3376136
5.645827,7.8795877,7.799629,7.6785836,7.86358
4.953935,5.1601796,4.7565,4.946735,5.4263453
4.1878414,8.871968,8.644943,8.67718,8.485344
6.148927,6.1296387,4.4036303,3.3674514,4.292467
6.0759225,6.5277185,5.1947536,5.275008,6.148613
8.773671,8.55859,8.545867,9.213171,9.0216055
2.0635188,5.1920266,5.038223,4.9589815,5.516131
10.458956,10.958303,6.3718605,7.1376305,10.872465
6.792994,7.2409,7.583532,7.384764,7.380413
8.6767025,8.979041,8.463314,9.115995,6.953176
2.9001424,3.4461768,2.9523227,3.135547,2.8344765
5.0996666,6.7838006,8.313809,8.422054,6.0643816
3.2615356,3.8544915,3.780716,3.8718774,3.7585115
1.54221,1.4452639,2.5488753,2.4293325,1.5306442
2.50597,3.1115642,6.559227,3.5850844,3.109079
7.778944,7.481785,6.521788,7.512243,7.8780074
6.628997,5.9685106,2.1263366,2.147806,1.7286867
6.227649,5.5040936,5.619107,5.588382,6.2589107
5.885966,5.8665905,5.825686,3.9786627,4.0618
5.5683413,5.549024,5.397292,6.775016,5.721099
5.0668077,5.6552024,5.0925565,7.614591,5.3140187
5.090497,4.188117,4.115868,3.6371942,4.1623383
5.1003265,5.068826,4.610732,5.111724,5.08868
8.278974,7.600218,8.115819,7.4647255,5.0979548
5.137128,4.8773704,4.61145,5.029623,4.7420106
4.759997,4.934736,4.759262,5.2861066,5.0043607
3.5132043,3.54107,1.8071206,3.4735801,3.4545655
6.441554,6.1792994,5.8104925,8.1143055,8.017262
9.377088,9.528881,9.217482,9.346547,9.848088
5.2959228,5.244349,5.639367,5.409831,5.693217
6.6198807,6.596318,5.9915633,6.6482854,6.7624574
3.364029,2.8369708,3.6430178,3.5075977,3.5065563
3.9556608,3.0387866,4.1480565,3.1681404,5.180477
7.508872,7.422791,7.7101865,7.3664203,7.59906
4.431238,3.032255,4.4905005,4.4973397,4.541659
5.2885075,4.7263165,4.788791,4.911237,5.1036954
9.778848,9.692152,9.3214445,9.40713,8.342613
4.2857294,3.441891,6.072836,7.6025,6.13778
6.727498,7.6140413,7.060987,4.5638103,3.5441632
9.085003,8.436665,9.71365,8.678055,8.993238
5.5779896,6.07382,5.2319584,5.4848976,5.0865655
5.866198,5.576651,6.2356024,6.389381,5.787978
6.206213,6.7155566,6.606455,6.3595695,6.8333573
1.7745826,1.8376186,2.889304,2.6260743,1.8477131
4.5996494,4.0210376,5.8825054,6.517665,4.9116035
6.2617693,7.486727,6.1863117,7.0669575,6.6686487
5.281179,5.407147,5.879187,5.227541,4.9344325
7.5864086,7.584017,7.428781,8.084831,6.456385
5.07881,6.2170515,4.803855,5.9478498,5.8859963
4.0531087,4.099594,4.0905056,3.591842,3.7860312
2.8494253,2.9884007,5.0273113,6.511271,5.6703568
4.2786274,4.3501754,4.346946,4.2797604,4.341179
9.62851,5.8281317,9.024911,9.419003,5.9644175
4.399929,4.3998766,4.323702,4.343857,2.5235407
4.545215,5.043495,4.907608,5.1276865,4.5414305
3.4813185,3.1112185,3.474322,2.8356419,3.1509635
7.0221133,6.1047826,7.518421,7.325743,7.23164
4.608217,4.8585577,4.7327456,4.6103005,4.8760715
4.6554017,3.6821308,3.8150527,4.6049705,5.0849466
6.622348,5.1172876,4.1655636,4.391488,6.385358
4.022891,4.0986795,2.2041323,2.4173756,4.3879476
4.5779953,4.485549,4.2689357,4.3430233,4.395487
3.0207283,4.387041,4.2794747,3.887151,3.7735329
8.219797,9.76124,10.2747345,8.706917,7.923896
7.198953,7.3364043,7.3264623,7.346819,7.0157
7.1970773,7.347711,6.919375,6.930159,7.330046
3.8987188,4.969515,3.7257643,2.3444817,4.4992723
5.8609633,5.591155,6.899884,4.3839684,6.1426616
7.8589687,7.8159156,4.464884,7.913008,7.8725567
3.2858984,3.3810737,7.969089,7.886976,3.708168
3.5155342,6.7791815,3.5216794,4.935231,3.7981277
7.444412,7.290509,7.361352,7.2889953,7.2937136
7.144456,7.2415695,6.835555,7.117055,6.9337106
5.8964424,2.877599,6.2096233,5.9202433,6.473695
4.1099744,6.054081,4.2933974,5.744616,6.0446486
4.7044573,5.320431,5.1232047,4.6511493,5.211472
7.622055,8.271486,7.304368,7.456011,7.053903
5.533379,5.974705,6.1516547,5.719197,5.799771
4.7419076,4.6721387,4.3031864,4.9298573,5.2852273
2.0526836,2.2633796,2.1697123,2.1708355,4.3245893
3.5075357,1.3489397,3.4226096,2.2403579,1.8285067
5.359108,3.3750892,3.9383595,5.5353065,5.6831017
3.4951725,3.0336914,7.612094,2.71697,4.3021083
5.9724817,3.8373392,5.281616,5.781986,6.0697227
6.8558526,3.105553,6.025362,2.835942,3.5049045
3.7246037,2.0093637,2.608787,3.7173817,3.689933
6.76649,6.4634075,6.5424156,6.3581448,7.8047104
3.3316162,3.2439818,4.501405,3.3300953,3.138756
2.2221048,2.3655148,2.5083416,2.3101747,1.9131168
5.793459,6.0191865,7.0278935,3.9050674,6.719321
7.09075,7.529959,7.429682,5.5085616,7.4386086
3.8503594,3.4592412,3.747744,4.820712,4.3017282
3.5933456,3.6997597,3.9059522,4.0417466,4.9180512
4.0575886,6.5462036,6.2632384,6.375938,4.436848
5.1964374,5.197855,6.305561,5.9286475,6.339231
5.8077784,5.969438,5.1915817,4.7215433,5.586721
7.799717,8.290875,7.973868,8.062184,7.929953
7.0303483,4.696804,6.0451345,6.2559967,6.33703
8.868458,9.199518,9.073254,10.48861,9.270474
3.7500725,5.1098065,4.2924294,3.042488,5.231708
2.016577,1.9251019,1.815163,2.0344439,2.029683
1.8705944,2.1517117,2.1838148,1.8796917,2.0739763
4.108087,4.2272243,4.863277,4.438955,4.949848
3.3466296,4.2468395,4.1458445,3.7853458,3.5400667
8.930084,9.625599,8.860857,7.0028496,9.3592415
7.136348,7.180381,7.2048974,7.181897,7.369494
3.4298155,3.8422565,3.5888596,4.195623,5.778997
7.5878677,7.613832,8.14758,7.2044716,7.187599
8.170965,5.3202963,4.4573107,4.7216086,5.075738
5.8611393,6.3720746,6.301214,5.4962783,6.353852
4.0637803,4.269392,3.0395007,4.522124,4.5161877
7.7992835,8.015489,8.2076645,7.4790473,8.108746
6.6282997,6.4009485,6.4977036,6.4621496,6.309071
4.3550587,4.4258976,4.440374,4.389612,4.3009357
6.854538,6.259992,6.296851,6.353078,6.0540805
2.0142162,2.0797064,2.2151148,2.6940439,1.264417
7.326096,7.823144,7.341382,3.7492154,7.272775
7.403226,6.9259567,7.158736,7.6243386,7.2239943
3.0038934,4.121176,4.0759535,2.917362,3.1351092
4.396931,5.6779904,4.9920187,4.251094,4.259195
5.4039025,6.0609603,5.0327663,4.923847,6.2489924
1.8477656,4.5678377,2.8121102,4.324209,3.3771546
4.4400287,4.514677,5.2460613,5.598028,5.4709826
6.418571,3.040315,6.4938903,6.3410163,6.459185
8.670041,8.138314,5.037666,5.7699203,8.706185
3.1454418,4.0000305,3.2115371,4.898013,6.221351
2.7102182,7.6056294,5.232827,7.738107,2.9383647
9.231019,8.749998,8.734178,8.806993,9.45752
3.723556,4.338687,4.3384104,4.21747,5.345271
6.075639,5.8754034,6.2332087,6.0159965,6.414501
6.9175005,7.524118,7.6505375,6.9750147,5.3067155
5.263253,6.3014207,5.387762,5.947716,5.7612486
5.742435,5.603553,5.1452675,5.897191,6.2683964
6.6527963,6.7095656,8.100975,8.330813,6.617802
6.1279435,5.5479074,5.553646,6.894041,6.0180054
6.329097,6.466788,6.004994,6.464513,6.017372
7.9026995,7.719359,7.912567,7.63721,8.79336
6.3950477,6.8485093,6.7801285,6.4912763,6.4214997
5.389511,5.304446,5.3021026,4.520908,3.5367596
6.9943595,4.399001,4.296183,6.9444885,6.8732605
8.624052,6.567785,7.994879,7.1274285,6.0624804
3.8311844,4.022388,4.639175,4.6788306,3.6823
1.7535938,2.4801204,1.5846422,1.653273,1.6561568
4.8725386,4.415401,4.900314,4.9727745,5.031852
9.650822,9.396763,9.485201,9.518398,9.53983
4.436418,4.6932864,4.3942027,4.9496536,3.8837602
5.4147415,5.457939,5.139771,5.4769745,5.3928323
2.3298624,2.8520975,3.0918612,2.9036222,3.7040415
4.5994124,7.4144874,6.9818254,4.2560763,4.5370154
1.8321791,3.572458,2.094752,3.5811603,2.1271112
7.4298477,7.0730033,7.314009,6.829207,7.101084
8.747344,8.368137,6.29504,8.324187,8.630429
7.283835,7.227356,7.4798975,7.27536,7.1904907
8.258238,8.770154,8.755872,9.001871,7.983453
3.180221,3.4421973,3.422306,3.0713131,4.853635
5.457529,2.733549,5.279001,5.2807474,4.192854
2.2802804,1.7990637,4.895374,4.4876103,2.8807251
4.6955013,4.1549764,4.022324,4.8611436,4.0989413
1.557509,1.9754227,2.0278773,2.283621,4.592672
4.050351,4.523233,2.6960285,2.220237,4.984565
4.298046,4.091133,4.1998563,4.4387984,4.4143014
3.7057006,3.4215176,3.9344106,3.6139672,3.376408
4.8131256,4.435488,4.8983984,4.5910754,4.7385693
3.344198,3.5542345,4.918811,3.3647892,4.523998
4.295464,4.2675242,4.6862693,5.041342,4.755734
4.0190144,3.943274,2.6405277,4.0239344,4.139557
4.8082633,2.8396974,1.7558712,5.339821,7.2202086
4.77717,4.785672,4.772121,4.737063,4.6996565
3.8843813,3.9198647,6.2669516,3.7911544,3.9651246
2.3074818,2.2741637,2.1490033,2.4439454,2.575523
6.6946507,6.7703533,5.7886558,8.450249,5.3523445
2.920234,3.2607033,2.7565248,3.8276331,3.0214627
2.9305196,3.5794272,3.3222344,3.2911453,3.4020793
3.7982762,3.7810013,4.575928,4.464314,4.1999874
6.856785,6.7415724,7.0411777,6.628212,6.8833685
4.0832415,4.5977254,4.4607,4.785476,4.552791
2.2175138,3.587656,4.0077624,6.092606,2.1361618
6.6499944,6.7469864,8.840558,8.614039,6.61357
3.0410302,3.4582157,3.3483703,5.058357,3.2929497
6.1084003,3.8470933,3.9462693,4.460526,6.1984315
5.7435813,6.2411404,7.927887,5.436104,6.4712434
6.547867,6.7795477,6.4848375,6.815024,6.619649
6.2123966,5.642746,5.939412,5.8182974,5.5847325
2.824578,3.3774374,3.5224874,2.979163,3.3627038
7.3448815,4.66441,4.764831,4.215237,3.78778
8.527831,8.772032,8.521666,7.0941896,8.239614
6.8007298,6.4597025,6.85985,6.3181705,6.858152
6.8659983,6.8842163,6.746418,6.82047,7.101629
6.161431,5.8674083,2.796328,3.0920835,2.6871142
2.9025488,3.7231662,5.573903,4.2337575,3.9974284
1.9591677,2.9035819,5.0958395,1.7947445,1.6576326
1.7491195,1.9034535,1.8730367,1.7430558,1.6262083
8.57396,7.691912,7.2761016,8.697446,7.414373
4.552429,4.5786695,4.419838,4.4489565,4.382576
6.776313,7.613124,6.468951,6.9768386,7.7095995
3.7946587,3.857329,4.0846734,4.0025415,4.3087645
3.9302113,3.546236,3.7765076,3.4521585,3.6125464
6.6728506,6.0649295,6.337984,6.5531273,6.321135
6.312952,6.2627563,6.2531815,6.115601,4.2539663
4.3050327,4.3331437,4.037406,4.622857,4.380483
5.942688,5.7707543,5.692759,6.0164804,5.9116426
2.8707924,3.206246,2.663745,3.1159122,4.6543303
4.8032055,5.1604652,5.1862817,5.097819,4.9202404
5.325934,5.118298,3.7776756,6.096895,5.494993
3.199542,6.6686482,6.652941,3.726165,4.707428
3.0309522,2.805008,5.4278965,3.8013594,2.2506828
5.5531564,5.4990864,4.263491,5.20477,5.8137465
7.358672,7.212491,6.42677,6.459504,6.7262216
6.4143777,5.7536364,6.1604214,6.342632,5.9509735
7.256975,7.2760267,7.3326592,6.6325073,7.420706
3.8761625,4.360688,3.9193516,3.4325852,4.2638693
4.8286095,4.5442324,4.952389,4.690599,4.6346006
6.819675,4.276147,4.1673794,7.050804,6.238373
9.906308,9.15398,9.362384,9.216472,9.506444
6.585982,5.494597,4.7661233,5.2049313,6.476998
5.5832953,2.4236927,5.2144685,2.363089,2.1094518
8.250889,8.160788,8.740649,3.6745257,8.173049
4.765391,5.957394,5.737541,3.3273318,5.486248
2.601038,2.4257817,2.38568,2.475484,2.461296
10.211941,9.626969,8.2954445,10.045685,10.050497
7.1059237,8.888213,7.2528715,7.194319,7.0745544
3.2078562,1.7019972,3.1883032,1.1315417,6.3868046
4.8764596,4.632085,4.89757,4.852475,4.7653008
3.004713,3.3549938,3.432851,3.920836,3.9048564
5.4343343,6.238682,7.3559155,7.8552766,6.349075
6.750819,7.601631,7.62862,5.545386,7.8284125
3.583662,3.2430122,3.5406513,3.3380413,3.213842
6.4370775,6.286137,4.7491455,6.310253,6.2738466
1.8862966,2.1336272,2.0400398,1.3554786,2.757167
6.6358414,8.501129,8.341605,7.5525646,5.341553
4.0531006,4.0348115,4.1788306,4.1629615,3.779082
8.7316675,9.380031,10.144703,8.805141,9.230203
6.457709,7.3130774,7.9460087,7.926851,6.483024
4.2798123,7.522762,3.2695363,3.67082,3.879018
3.4901724,4.0416613,3.3719366,4.094875,4.037566
6.9731,7.126989,7.412525,7.0924196,7.193775
2.1164742,2.7431657,2.8817942,2.199339,2.899046
7.70174,2.3164093,7.477942,4.8843646,7.6130996
6.6915135,7.662006,6.8707223,6.157598,6.1186843
7.744233,8.337157,8.178559,8.116035,7.9810867
5.3536096,5.686817,5.2951217,5.386279,5.7956915
3.7145743,3.4516137,3.4870956,4.135724,3.957276
6.4609385,6.31524,6.548847,5.921538,3.822983
6.7418494,4.2300677,5.14285,5.374752,6.184771
5.556266,6.3324366,5.737824,5.409042,5.523406
1.9086696,1.8012549,2.3100603,5.4996896,3.9780774
6.9226727,6.059913,7.0439134,4.594889,6.876787
5.2939153,3.9269047,6.5906005,5.494625,5.073744
5.6467023,5.535303,5.7303624,5.7007923,5.714497
7.9824104,9.522786,6.7971873,9.136107,9.101826
5.5003505,2.0219882,5.486398,3.3893895,2.2033963
1.3185335,1.1526594,1.2906009,1.4111229,1.2212332
10.323691,10.394267,9.561062,9.404274,10.643767
3.7877722,3.538667,3.658276,3.6999657,3.7146063
2.561834,5.3440375,5.1821537,5.2150917,2.5251262
5.5949945,5.2683754,5.2486405,5.3247256,5.5414057
4.6058846,3.262081,4.341688,2.9714038,3.1195328
10.193203,9.988487,9.824112,10.372073,9.931926
7.876795,7.4363527,7.69488,7.8024244,7.8832636
2.3776944,6.1159163,6.9246955,6.3200336,2.9402905
5.177869,4.735488,1.3941797,5.019011,5.0076604
5.3104744,5.169777,5.4723845,5.6262856,5.383735
3.2276425,3.0977192,3.3409164,2.519937,3.3583488
6.0071197,6.321131,6.6288705,6.6365266,7.2481933
2.1675065,4.9497385,3.2657483,1.7378303,1.780758
4.962059,5.6555686,5.550631,8.182654,5.084595
3.3058646,2.7845497,3.092294,2.9253402,2.7761126
6.5744305,6.1668415,6.5109262,6.1005464,6.1783648
5.1653585,5.4627423,4.949492,5.013344,5.0184197
7.0747046,2.5648627,2.4785237,2.8803706,7.0479393
5.3513603,6.2352138,6.372092,6.140801,5.0905833
5.3581953,2.5611923,2.6475508,5.5715117,4.654567
3.0923338,6.6152163,2.8255434,3.1050467,3.0645404
5.5554285,5.2919645,5.8361845,5.5688143,4.8083963
8.748496,4.2962966,8.779462,4.163251,4.379587
7.438277,7.183394,7.178632,7.262706,5.407992
5.307835,5.507895,5.4856677,2.5665388,5.053269
8.514659,8.651562,8.3276205,6.7388062,8.043006
9.295907,8.395733,8.956479,9.590993,8.255784
4.939069,4.990733,4.8454537,4.8672776,4.979851
2.7853024,6.6778755,2.7366822,6.6833253,6.4789085
4.8105044,7.123935,6.1830997,6.6430492,6.5793343
5.001228,4.7978683,4.7066026,5.415386,5.236079
4.805286,2.4178462,2.004249,1.5665023,2.3848064
9.068942,8.916935,8.858395,8.949626,8.593325
9.178779,9.24233,9.231374,9.07022,9.36478
2.6180675,5.815607,4.4674463,5.066206,2.322506
3.651497,3.646237,3.6251712,3.6719513,3.6432228
5.7635574,7.602918,6.827873,7.512505,6.8340917
3.4372017,3.2784138,3.3926864,3.6272075,3.3312485
3.8894246,2.9320874,2.563808,5.426401,2.9966893
3.8176959,4.393274,6.4624896,6.005922,6.893415
5.3773007,1.8479974,2.10248,2.360342,2.043878
3.660088,5.6704135,7.358756,7.6974077,3.702165
4.972451,4.8494043,4.990727,4.8913126,4.9395914
6.7322807,6.6221848,6.706401,6.5592723,6.5270853
4.654273,5.071345,4.6685176,4.785929,3.939396
3.6707954,3.7923248,3.225624,5.595938,5.7258997
4.320088,4.249699,3.6123097,4.031818,4.28297
6.149036,6.3708234,6.9427857,6.848664,6.5332055
3.8614242,3.9944692,4.0206637,4.0591135,3.9846697
4.7292957,1.4769869,4.5944667,4.833897,4.9316754
4.389557,3.9862778,7.795302,7.810722,3.8321056
6.3695145,6.7879896,6.8188,6.618203,6.381053
3.6313338,3.5797033,3.5817132,3.6081164,3.6485062
6.2396154,5.7722845,5.4350805,5.388768,4.0775056
3.3492615,3.5987105,3.5323367,3.9966667,3.0714848
9.975323,7.0413885,7.459074,9.595123,7.1919775
5.8634934,9.482168,5.7103214,4.3191977,5.634219
5.9348907,5.7110786,6.6395197,5.63096,6.072731
5.976545,5.0882106,5.690348,6.042881,5.786152
4.1149063,4.4566727,4.243552,4.4929414,4.5875726
7.930786,7.608341,7.3738465,7.354115,7.860977
8.18433,3.0706418,3.8419228,3.6834753,8.228401
5.5617065,4.3729534,5.168886,4.8142085,3.9550467
5.596897,5.251656,5.703125,5.3712587,5.1431665
6.6114335,6.459798,6.3879786,7.190236,6.123099
4.755589,4.136776,4.482133,4.4957447,4.655352
7.1978645,7.6008897,7.371544,2.398777,7.6233277
3.1881332,4.027245,3.4317043,3.169585,3.3231318
2.5943491,7.798877,2.5705104,2.8100686,2.7585297
7.100249,7.05092,6.913494,6.7680907,6.9639163
6.782136,7.169876,4.0905933,6.3204,7.4222775
1.9353398,3.447723,4.2011137,4.1265373,4.530845
8.013249,7.9368773,4.8820496,4.4416075,8.142179
3.4645946,3.6205432,3.9925945,3.7866883,3.8524568
5.436705,5.2277174,5.3156195,5.113259,5.265735
7.039096,5.9991617,6.065098,8.00559,6.5328207
7.8049717,8.766598,8.064322,8.359165,6.4016047
5.3843946,1.1851834,1.7462597,1.514219,4.096283
3.7372324,4.6027627,4.47206,4.218285,4.2121534
6.9196415,7.177919,4.31953,4.6882668,4.4794874
5.437013,6.681942,5.421209,5.6912427,5.783043
4.723668,5.2568817,4.9063277,8.307432,4.7841177
3.1995547,5.5917788,5.440792,3.8026147,3.7238758
1.4377006,2.53682,2.6277668,2.0167105,2.1477952
4.098993,3.656299,3.4948552,3.2090454,3.9257212
2.3198838,3.42324,5.645616,4.087799,3.482101
7.0527163,7.2420416,7.045662,7.0581627,7.0407286
8.664838,8.527931,8.304849,9.019371,8.872463
6.502164,2.3838315,2.507709,2.477367,2.3728695
6.745205,6.6302843,6.466176,6.6441536,6.5851126
5.792102,5.247431,5.7531385,5.2225194,5.3922186
5.5950356,5.3944764,5.5282,2.2580771,2.2260168
5.911986,5.918617,6.1941953,5.936169,5.792537
1.7924856,1.7692623,4.658293,2.3441644,1.980138
6.6251345,4.6325746,7.018045,6.979253,7.229927
6.3109984,5.845822,5.4642124,5.576197,5.4354405
7.3466864,6.8713627,5.1757326,7.3751993,4.4765663
7.299489,7.1086516,4.1339936,6.920382,5.902365
5.155339,5.2245765,5.199532,5.46205,5.096649
3.9197435,3.8597429,3.7580338,3.8657494,3.9334886
6.4516973,6.4929733,2.1108887,2.613296,2.287557
2.9767914,3.997382,3.5940013,4.287064,4.156987
3.8920436,4.4870214,3.606036,4.409644,3.636461
7.6159954,10.093469,9.943828,9.882011,5.951097
7.092197,7.23144,9.745473,6.807911,8.800887
5.2063513,5.3947964,5.335026,5.3083,5.3858194
5.8705316,6.13492,6.319697,6.047232,6.205515
7.1816063,5.5756874,5.702021,5.7607675,6.1609845
4.746909,4.1830635,4.277713,4.204482,3.9241486
4.034767,5.8065095,3.5621505,3.9274209,2.8876338
1.2973582,1.3919178,1.8658291,1.7937661,1.088384
6.1960936,6.236969,6.140877,6.0622654,6.1795263
3.9812927,3.8362298,3.5924754,4.8611574,4.7452564
5.869799,4.1532946,4.307213,3.8709636,4.893583
6.289276,6.1433263,6.11499,6.04383,5.947205
5.615459,5.827752,5.562879,5.737889,5.5765977
3.5927782,3.4276698,4.028952,3.7173758,3.9890895
5.34201,6.3083878,5.346688,6.236301,6.4297624
4.882363,5.1228347,4.928662,4.544932,6.964004
3.5758808,2.0582151,2.1387,2.9116418,1.902249
4.8673387,4.5436034,4.162422,4.8660507,3.9742699
5.4064374,8.151488,5.398665,5.107294,5.856789
3.723706,6.757477,6.682949,4.2125306,4.111825
5.9110756,5.6820755,6.1377945,6.051423,5.5281835
3.538665,3.8263643,4.315777,4.018139,3.9786885
8.252835,8.967359,8.522938,7.8506603,8.129757
3.8235507,8.809168,8.971595,8.622708,8.492748
3.2310424,4.0102296,3.1873882,3.3712044,3.8807297
9.344625,9.123109,9.087575,8.900427,9.3998375
4.8378716,4.774905,5.1122694,4.9787025,4.7630796
7.349336,2.5804622,2.5661366,2.7581592,2.823257
7.6660767,7.6430044,7.4614286,6.6558247,7.5105877
7.5410323,7.490256,4.673852,5.0007734,4.730187
2.8647144,2.0384936,6.427043,6.451901,2.0640576
2.2150233,2.3503652,1.8726953,1.9583483,1.8899125
4.33218,4.4616103,8.576836,4.451383,4.3429065
9.504375,9.378817,9.416924,9.463887,9.414036
3.260437,3.5195832,3.2405515,3.4864573,2.3147418
6.1988225,5.962794,7.5918827,6.0991654,9.414773
9.316163,9.335841,9.075147,9.501301,9.38477
6.574329,6.1454425,6.63969,6.743766,5.2863145
8.21382,7.8764286,9.150207,8.608677,9.774718
7.2966394,2.6609163,2.9515765,2.7474904,7.239723
4.8561487,6.6198063,3.7055235,7.541465,7.586927
3.2971675,5.1037774,6.1345043,3.193889,3.8914268
4.842709,4.7536125,5.396904,5.0063453,5.091421
1.6351149,1.6366489,1.4770831,1.8120661,2.1734898
6.3545237,2.7752998,5.9544516,3.1009846,2.2580936
6.431307,4.8862495,6.356343,6.206617,6.402965
6.390237,5.661582,3.5882218,6.133214,6.2172155
3.3340857,3.4142044,3.5666625,2.5164652,3.6041105
4.6939073,4.8950124,5.080478,4.76537,4.7317224
9.271951,6.266253,9.088258,9.145314,6.4525337
3.2844136,4.504905,2.8397212,4.459473,2.736095
8.100507,7.37566,7.833836,7.4971833,7.5155406
7.6278715,4.011484,6.9930444,3.2442546,4.763312
7.0830693,7.6382337,9.97226,7.557057,8.972495
8.483777,4.945738,8.511022,8.340317,8.346759
3.091235,6.2622437,2.2627246,6.189718,6.050035
2.603515,2.9761035,2.819149,2.7010324,2.8939743
5.390459,3.2561173,5.5145187,3.4751687,6.2603574
5.1606417,5.654058,3.8763657,5.559175,4.4146667
5.9224806,6.1246996,6.255914,5.869934,6.0531626
3.4204128,4.1551137,3.4289775,3.6426508,5.1433573
4.231377,4.1508536,3.7061005,7.1695495,3.082962
2.6644976,2.4965982,2.5055273,2.1826332,2.460864
5.7840776,5.7294474,6.5090437,6.352594,6.6636887
5.132357,4.244073,4.5689163,5.127062,4.754132
5.205878,6.919327,2.5667822,4.616693,3.3721955
6.522766,3.8867702,5.9086637,7.6040716,4.846624
5.437057,7.2209797,7.14517,7.2108088,6.9221992
8.502081,8.701053,4.821062,8.353751,7.345827
3.1098118,2.9899511,2.5879295,4.8635416,4.5659943
5.139872,5.146163,5.284652,5.206896,5.319664
3.738112,4.1236954,4.4000406,3.4057329,3.6854327
2.747092,2.824713,2.4688246,3.1986566,1.8311884
7.0069857,6.9883637,3.770087,7.0970573,5.40168
5.8831306,3.1574,5.834578,5.843128,5.7976046
3.7709084,2.8550794,2.9441993,3.868975,3.8065407
6.6991844,6.417602,5.652921,6.31795,6.6419454
5.865384,6.3008866,5.781421,5.6867304,6.7718225
4.2713237,4.09906,4.3475776,4.0629354,4.1429806
7.1291094,6.9930754,6.662445,6.48237,6.0342207
2.41443,2.7655823,2.9055946,2.5079792,2.8691173
3.9168487,4.091792,2.4973097,5.1876388,4.0879474
7.864395,7.677739,7.948534,6.8145857,6.2950764
6.1082206,5.6640944,6.288855,5.118721,6.4209285
7.91738,3.658829,4.730919,4.0132775,4.4930925
4.838119,4.4588256,4.794889,4.7528424,2.2597687
5.5833883,5.5133514,5.6357455,3.0489242,3.9356265
3.9025414,5.033878,5.1303735,5.3585052,5.5891843
5.325143,7.0419116,5.670621,7.7271852,7.156886
5.429846,5.5522556,5.566748,5.5084133,5.6893134
2.5821917,7.004016,3.758827,3.40728,3.4740603
5.6752505,5.805345,5.7288303,2.4369693,5.65174
5.0991755,5.049373,4.693201,4.854964,5.050764
2.5627637,3.230608,6.259734,3.4830742,2.948021
4.3962574,4.1500063,4.186324,1.3827848,4.3733788
2.882073,3.2531097,4.070288,3.6014888,3.2487404
6.5879087,6.934236,2.1987534,6.784129,2.023528
6.2012677,5.5431376,4.3197303,5.1697807,6.3427815
7.9109488,7.479742,10.26346,8.235973,10.317733
7.3135834,7.496744,7.3506737,7.8169007,7.739565
6.962085,6.712555,6.800374,6.902519,7.799115
4.727476,4.7906747,4.4159327,4.6017714,4.755953
5.9162903,5.737661,6.0930505,6.099968,5.913215
3.5976658,5.028494,5.212239,2.69194,5.387629
4.901259,4.6190634,5.071961,4.5802393,5.4836454
7.488857,7.255361,7.632639,6.995265,7.173511
3.8158302,4.122206,4.3114758,3.0185096,2.8874803
1.5211749,1.6940012,1.8105258,2.4856958,1.2454596
5.8520293,5.0775003,8.385889,4.8342347,5.285676
3.6356194,3.5648427,3.5191426,3.8988414,3.0999799
6.6141176,6.585317,6.025763,3.4335625,6.3005285
9.310525,8.671251,6.693815,9.368376,6.961035
8.058939,8.285846,8.4081335,8.105024,8.184637
2.7489505,2.6865969,2.825684,2.80199,2.5194786
6.4146004,6.9509745,7.3802695,7.60562,6.5916834
2.8224812,2.7721279,2.8899934,2.877727,1.8382556
7.63938,8.068666,8.073284,8.008751,8.747747
8.052348,5.3868194,5.808114,7.6720095,5.5471625
7.517687,7.100476,7.3460727,6.7792187,5.858854
5.1262155,5.033715,5.0192194,4.886361,4.9692936
7.7504034,7.162593,8.50837,7.1990433,8.024842
3.970694,4.89859,3.8867733,4.4285016,7.9546127
4.2327805,4.3075466,3.9392657,5.875684,4.4408073
5.4666963,5.9091034,5.40816,5.3627563,5.419292
6.3184667,5.5215364,5.538176,5.843865,5.4850793
3.5750492,4.9776506,5.0440655,4.940591,3.8819048
1.882073,2.2494082,1.9628187,2.8459995,2.1253312
6.2538595,5.903358,6.107934,6.286725,5.8180523
6.1791654,5.9886603,6.3048368,6.2138863,6.354392
5.272463,4.9893827,5.1967416,6.301123,7.0830026
5.5919394,5.9545403,5.618397,6.0981865,5.881698
6.435966,6.4698944,6.4153333,6.629007,6.0618553
2.1631048,6.3341117,6.2682147,5.248034,1.6422175
6.839606,6.49704,6.0895047,6.8879795,6.532549
5.083926,6.3925214,6.304698,6.5657864,6.480479
7.7897325,8.955121,8.272287,7.5862293,7.798306
6.644966,6.40678,5.471983,5.8561006,5.002992
3.768507,3.1076994,3.5599487,2.4861057,5.131733
8.213175,7.7606606,5.0762796,7.973592,7.279279
8.134532,8.258195,8.347957,7.832411,8.526009
5.8614497,5.9397364,5.8994546,5.9374337,4.3254566
5.395503,6.059934,5.231321,3.676329,5.694452
5.1673427,3.2988024,4.1212335,3.7059624,3.2304688
4.215274,3.911335,3.5319233,5.3685875,4.0246453
4.048559,4.1591935,3.9942474,3.9638865,4.2048087
6.5230546,7.1793976,7.484947,9.242092,6.9223456
4.207199,7.1013646,4.168655,6.7770743,6.825586
6.972813,6.848247,7.0512486,7.5723777,8.34577
5.16222,5.221524,5.411113,4.8241725,5.109922
7.0020595,8.491849,8.131829,7.8546815,8.30327
7.180851,7.769661,6.514195,8.185261,7.7880726
7.102628,7.2421556,7.867953,7.723436,5.1504555
2.1980488,1.4879802,1.6051722,5.6533647,2.189352
5.7737947,7.056642,7.306608,7.2338023,7.170367
5.4368377,4.519199,5.864641,4.635388,5.620584
8.05523,8.071315,7.770037,6.0270476,7.85827
5.325156,6.113118,5.7796793,6.2400956,5.239346
4.330055,5.4845843,5.354483,5.641706,5.608949
6.4591355,4.725493,5.357073,5.6150193,4.439104
6.4737773,6.474917,6.230635,6.664412,7.67099
5.806614,6.1322517,5.523908,6.3847218,5.975623
4.8199906,4.265976,4.9693365,4.565894,4.5050526
4.1520224,4.2815332,4.448874,4.356941,3.8934445
3.5556953,3.5448692,3.6765456,2.9522834,4.719761
7.01521,7.901249,7.315608,8.308826,9.032544
6.2572794,6.885297,7.4863105,6.67475,5.6533866
3.3684158,3.7188346,4.1552896,3.3310833,3.3033814
6.88785,7.03435,8.158578,6.8615456,7.324894
8.287235,8.090456,7.77948,8.008482,7.938186
4.069286,4.181777,4.4007797,4.1929975,4.479366
7.2210016,7.2602286,7.0958843,7.1649303,7.1928277
4.8933334,4.883823,4.659113,3.7418544,3.9336069
9.294924,3.6576524,4.108684,9.088175,9.298029
5.5207124,6.42822,6.113244,5.086876,6.026398
3.5523138,3.7708626,6.726359,6.870752,3.850855
3.3312871,3.5536005,1.3775631,3.3678026,3.5275948
3.6166046,4.2616096,3.5145478,4.931537,4.4088964
5.3276935,5.4612584,5.4350886,5.3029532,5.296569
4.999101,5.222574,5.0357423,5.0306273,4.922799
4.420554,4.7965317,4.6544905,4.460107,4.9008856
3.0642269,3.522989,3.2202377,3.511113,3.5894501
4.7000074,4.6748548,4.625294,4.642924,4.7565484
8.477089,6.8081098,8.701612,8.997477,9.025373
2.2180464,2.3423471,2.009395,2.0687659,1.8835641
2.713434,2.2217455,2.3951707,4.272891,2.7556906
5.2653403,7.9045825,5.6066203,5.3139396,6.9838166
5.8141303,6.3692293,6.207052,5.6915903,5.741163
4.916318,5.261398,4.656413,5.0935264,5.39812
7.721756,7.7299237,7.425663,8.902164,8.073537
6.0697675,7.56533,6.142605,7.5821805,6.474108
3.3988876,7.5543275,3.6825569,3.2205622,3.171812
5.420355,9.796296,9.624189,9.360864,9.094103
2.2700672,4.459812,2.403077,4.677517,2.471409
6.329128,5.745773,3.03973,2.703833,2.4768374
6.500882,6.62448,6.716981,6.5186615,6.736562
8.137584,8.168053,8.137489,7.8920503,8.193343
6.9681253,6.4521613,2.6525111,3.001358,6.793608
4.2819715,4.490904,5.4917507,4.3223195,4.536572
8.236777,7.9705696,7.7401314,7.752436,8.033406
5.212275,4.9167495,5.090869,5.3270793,6.883359
3.4951131,2.9600525,3.543045,3.0413167,2.6691258
2.966075,2.1262686,1.8930247,4.073104,4.7763443
7.427354,5.041629,7.8378,8.764819,7.379858
1.8608173,4.4110637,2.7050583,6.768582,2.7714195
5.9183297,6.003581,5.1729784,5.932426,6.050311
3.490259,3.5274491,3.6699123,3.2592769,2.9829545
3.5257454,3.5789726,2.946175,3.804502,3.943486
5.8622684,5.895115,5.6968803,6.1620555,6.1142855
3.6110373,6.32976,3.531972,3.8747995,3.0884624
2.0053616,1.2243755,1.1440967,1.3839904,2.9234805
4.1280746,4.308602,4.3006854,7.78311,3.6951096
3.3538153,2.4288712,2.135418,3.631202,3.7961369
9.241062,8.68571,7.9109497,8.776352,8.741663
1.2639483,1.3794497,1.5577854,1.7977537,1.2975512
3.225808,7.892493,5.7942734,4.891127,5.254045
5.570195,6.856706,5.6877947,5.672092,5.0828257
6.236604,6.5758324,7.025484,6.567547,6.4986005
3.862843,3.9133964,4.1170673,3.5870209,3.9809673
10.167794,8.4045,8.003236,7.899627,8.445966
4.4979615,6.6986804,4.284142,4.173055,4.278792
9.420256,9.369136,8.936144,8.578042,9.320131
6.7856913,6.8039327,6.7313643,7.824052,6.621934
2.8068347,2.4512806,2.7539134,2.7000546,5.122884
5.7563677,7.409739,5.209904,5.7277913,6.38807
5.8216133,6.560305,5.4864206,6.219369,2.9770076
5.995548,5.6334515,5.7183805,5.6597285,5.4630523
3.2223544,3.5848465,3.6099858,3.4911911,3.500875
10.134026,10.809299,10.625345,10.247358,4.5161734
5.621367,7.6533923,6.5887733,7.6681924,6.0211816
2.0751722,1.7160517,5.3447604,5.2646923,1.732606
10.35551,9.552165,9.09943,8.983939,9.383847
9.936259,9.374718,9.734311,9.462195,9.69759
4.8115315,6.173607,6.3814354,5.0639415,2.303938
9.689829,4.0780373,9.882975,9.810582,9.843615
7.2471,6.584427,9.2658825,6.4956565,7.382734
6.4826064,6.5250688,6.701497,6.744509,6.7400866
5.7676673,6.071548,5.729504,6.0905623,5.5417695
5.3275294,4.4805694,6.1993976,5.4920464,5.9332347
3.3025374,6.262432,6.1190786,6.2238226,5.9544654
4.0343604,4.094698,4.087086,4.098566,4.1505213
7.520784,7.426829,7.4823465,7.4404764,7.730073
5.157045,4.8420463,4.94654,4.7490225,4.8224525
6.399538,6.58851,6.8116164,6.5378003,6.5337033
7.504171,7.376726,6.515536,7.696359,7.1886806
2.6833646,2.8456247,2.8408964,2.7877836,2.924502
5.693884,5.289148,5.587303,5.080748,5.58365
5.006035,5.066558,4.639272,4.7170463,4.5383487
3.4494834,3.2943406,2.8680353,3.4172544,2.8080873
4.3729377,4.0004573,3.924678,3.7945843,4.196827
3.231128,4.5976977,4.728681,2.3268073,4.0419593
6.6567354,6.8679967,4.8199625,6.4480476,7.2496843
3.907338,6.8733315,5.03435,7.024817,4.7951784
7.4606767,6.7553086,6.692975,7.4507957,8.744917
6.0646806,6.377436,6.2823653,3.8574302,4.2366347
4.0235457,4.768111,4.658469,4.7402053,4.5229087
2.1310885,2.1152523,2.2644649,2.4042578,1.9311191
9.506054,9.602143,9.803733,9.637652,9.530342
4.398342,4.976952,4.601245,5.0079975,7.4627056
3.5811899,3.657187,4.389401,3.288577,3.8509886
4.676094,7.4601774,4.1654487,7.449617,7.3322234
8.821493,9.237981,8.633528,9.357837,8.640861
6.5931435,6.696499,6.8687587,6.7156477,6.762856
7.2953024,7.279508,7.1998324,2.5512888,6.891681
6.2002974,7.203805,5.758953,7.18724,6.7839713
5.9889894,7.888034,7.9563484,5.8065844,5.6562734
4.6906095,2.7282937,4.5167813,4.969129,4.7401237
5.1946626,4.537818,5.212967,5.3554974,5.1919994
8.387934,8.49565,9.459061,8.517551,9.116489
3.2843878,6.4281244,6.546271,6.4607935,6.6959677
4.6332793,4.71167,5.7555223,5.4211884,5.7147794
5.7736588,6.291608,4.521421,6.703165,4.8031354
4.87589,3.6355407,4.629193,4.8266506,4.72459
7.9715576,7.0589848,7.9485807,4.8964424,3.1181588
5.1076813,6.4832397,4.694421,5.403193,5.672588
4.7340217,5.1989336,4.8421516,5.301068,4.8479114
1.3411236,1.7012684,1.621426,2.394814,1.8080425
2.134549,1.3102787,2.4271753,2.2466714,1.6688257
5.9087543,8.249393,8.183079,8.286963,9.396362
8.668424,8.565185,7.770752,7.8945026,8.532058
9.464824,6.1612296,5.9395366,7.993304,8.022016
3.1635509,2.7720807,8.6548815,3.9397714,8.56005
3.7948356,2.508136,3.473571,4.092471,3.7340915
5.1995177,5.5800304,5.949975,4.0934777,3.6043255
4.6300864,7.9244456,8.15672,8.018843,4.5422096
8.753254,8.673558,8.556446,8.706442,8.717924
3.0693274,5.8450212,2.9781575,5.964275,2.8192265
4.933519,4.121333,3.837379,4.8020782,4.1791387
5.8849583,6.5320272,4.7849455,6.688089,6.0185065
5.293217,4.7324314,2.9689753,5.0599823,4.9847946
5.90732,3.2367492,3.5797598,3.4965076,5.3368073
5.9328413,5.848676,3.9815943,6.1636744,3.352093
8.184403,8.894828,8.800427,8.814782,8.921309
6.99889,7.298349,6.6924644,8.246143,6.681301
4.4150844,4.4442506,6.4419084,4.1136947,4.571541
5.732316,8.85599,5.9233294,5.776113,5.603215
7.404651,6.471265,6.0217013,6.8318706,6.533223
5.7144647,3.153745,4.382739,4.728705,4.2474866
8.98844,9.316069,7.135752,7.527176,6.707613
6.4711423,6.4542713,6.6889796,8.457553,6.164064
3.2189598,3.4416442,3.2612648,3.0878525,3.0279787
6.367249,6.48327,7.4381123,5.7841125,6.087909
3.7544372,3.94488,3.796376,3.906952,3.7922876
5.359466,4.89085,5.179532,4.584501,5.17608
4.697171,5.5935073,4.2827754,4.604039,5.7493787
8.784594,8.589331,8.772942,8.861706,8.606127
7.7117805,8.053387,7.3647385,7.978007,6.6380596
3.6168027,3.7336185,3.8987427,4.5898886,3.5748498
1.9699348,1.9511658,4.373951,2.1779292,1.9520522
5.6034,6.6821713,5.2389593,6.266342,8.061151
5.427352,5.0237284,3.55822,3.8376465,4.931855
3.8069587,3.5305946,3.8699863,4.0162563,3.558599
7.063966,2.9861414,3.0610967,4.5167,6.4779496
3.670802,3.2854273,3.568147,3.1520765,3.094613
2.1867034,2.2312405,2.1419814,2.3379695,1.6936094
2.4114695,2.4923697,5.0274205,5.400764,2.5880468
4.147888,4.515369,4.1609716,4.0968204,5.345049
4.165417,4.961703,4.5583477,6.325052,6.9463367
7.0465927,7.0672913,7.0977983,5.0801506,7.0978446
4.386774,3.9805412,4.279316,4.3903556,4.98556
5.71212,5.83142,3.7304595,6.3665833,5.8512764
8.012895,8.113612,4.5750666,5.0076385,8.124308
6.4948144,4.719465,7.0183525,6.3676186,6.671602
7.8589706,7.853757,5.731862,5.862953,7.4997435
2.9926949,2.8145301,2.6471155,3.2275999,2.6257472
2.1220088,2.7150714,1.897337,2.480954,2.3655705
5.8080444,5.981194,6.705139,5.859906,8.900734
8.847089,9.147705,8.71957,9.504792,8.395257
3.46242,3.3034692,3.6154275,3.5444844,3.556722
7.5790467,7.9093103,7.807568,7.671467,7.847924
